,0,1
0,/bis/players/21825153.html,平内　龍太
1,/bis/players/93795138.html,デラロサ
2,/bis/players/83385151.html,サンチェス
3,/bis/players/11515115.html,大竹　寛
4,/bis/players/41745137.html,菅野　智之
5,/bis/players/03305153.html,山崎　伊織
6,/bis/players/41045138.html,戸郷　翔征
7,/bis/players/61165137.html,井納　翔一
8,/bis/players/81285118.html,野上　亮磨
9,/bis/players/31335135.html,今村　信貴
10,/bis/players/41945139.html,田口　麗斗
11,/bis/players/51555137.html,鍵谷　陽平
12,/bis/players/21525151.html,太田　龍
13,/bis/players/31935132.html,桜井　俊貴
14,/bis/players/81285132.html,中川　皓太
15,/bis/players/33935134.html,メルセデス
16,/bis/players/31635134.html,畠　世周
17,/bis/players/31735136.html,鍬原　拓也
18,/bis/players/61965138.html,髙橋　優貴
19,/bis/players/93795151.html,ビエイラ
20,/bis/players/21225130.html,戸根　千明
21,/bis/players/91095134.html,高梨　雄平
22,/bis/players/11215138.html,直江　大輔
23,/bis/players/91395153.html,伊藤　優輔
24,/bis/players/31035135.html,高木　京介
25,/bis/players/13515153.html,山本　一輝
26,/bis/players/81085132.html,田中　豊樹
27,/bis/players/81885138.html,横川　凱
28,/bis/players/41245139.html,古川　侑利
29,/bis/players/71375134.html,大江　竜聖
30,/bis/players/91495153.html,戸田　懐生
31,/bis/players/51355151.html,井上　温大
32,/bis/players/61265138.html,沼田　翔平
33,/bis/players/71875134.html,堀岡　隼人
34,/bis/players/51855112.html,山口　俊
35,/bis/players/91795139.html,小林　誠司
36,/bis/players/21325136.html,大城　卓三
37,/bis/players/91995112.html,炭谷　銀仁朗
38,/bis/players/91595136.html,岸田　行倫
39,/bis/players/03105151.html,山瀬　慎之助
40,/bis/players/61665153.html,萩原　哲
41,/bis/players/31935153.html,喜多　隆介
42,/bis/players/43145136.html,湯浅　大
43,/bis/players/51855132.html,増田　大輝
44,/bis/players/01005113.html,中島　宏之
45,/bis/players/51955114.html,坂本　勇人
46,/bis/players/61065116.html,中田　翔
47,/bis/players/23725153.html,スモーク
48,/bis/players/11515130.html,岡本　和真
49,/bis/players/73375134.html,吉川　尚輝
50,/bis/players/21625132.html,廣岡　大志
51,/bis/players/13315136.html,若林　晃弘
52,/bis/players/51655153.html,中山　礼都
53,/bis/players/03105130.html,ウィーラー
54,/bis/players/21525136.html,北村　拓己
55,/bis/players/31935151.html,菊田　拡和
56,/bis/players/01605138.html,増田　陸
57,/bis/players/21625138.html,松井　義弥
58,/bis/players/21525130.html,香月　一也
59,/bis/players/71175153.html,秋広　優人
60,/bis/players/31635151.html,平間　隼人
61,/bis/players/13315151.html,ウレーニャ
62,/bis/players/21825112.html,陽　岱鋼
63,/bis/players/21425116.html,丸　佳浩
64,/bis/players/81385110.html,亀井　善行
65,/bis/players/61565114.html,梶谷　隆幸
66,/bis/players/23025153.html,ハイネマン
67,/bis/players/21825134.html,松原　聖弥
68,/bis/players/01105135.html,石川　慎吾
69,/bis/players/81985118.html,立岡　宗一郎
70,/bis/players/21925132.html,重信　慎之介
71,/bis/players/83785153.html,テームズ
72,/bis/players/71875130.html,八百板　卓丸
73,/bis/players/81185151.html,伊藤　海斗
